diffs,codons
1.7471177517821384,"{'I': 'ATC', 'L': 'CTT', 'V': 'GTC', 'F': 'TTC', 'C': 'TGC', 'A': 'GCA', 'G': 'GGT', 'P': 'CCC', 'T': 'ACT', 'S': 'TCC', 'Y': 'TAT', 'Q': 'CAA', 'N': 'AAC', 'H': 'CAC', 'E': 'GAA', 'D': 'GAT', 'K': 'AAG', 'R': 'CGT', 'X': 'TAA'}"
1.7471177517821384,"{'I': 'ATC', 'L': 'CTT', 'V': 'GTC', 'F': 'TTC', 'C': 'TGC', 'A': 'GCA', 'G': 'GGT', 'P': 'CCC', 'T': 'ACT', 'S': 'TCC', 'Y': 'TAT', 'Q': 'CAA', 'N': 'AAC', 'H': 'CAC', 'E': 'GAA', 'D': 'GAT', 'K': 'AAG', 'R': 'CGT', 'X': 'TAA'}"
1.7471177517821384,"{'I': 'ATC', 'L': 'CTT', 'V': 'GTC', 'F': 'TTC', 'C': 'TGC', 'A': 'GCA', 'G': 'GGT', 'P': 'CCC', 'T': 'ACT', 'S': 'TCC', 'Y': 'TAT', 'Q': 'CAA', 'N': 'AAC', 'H': 'CAC', 'E': 'GAA', 'D': 'GAT', 'K': 'AAG', 'R': 'CGT', 'X': 'TAA'}"
1.7471177517821384,"{'I': 'ATC', 'L': 'CTT', 'V': 'GTC', 'F': 'TTC', 'C': 'TGC', 'A': 'GCA', 'G': 'GGT', 'P': 'CCC', 'T': 'ACT', 'S': 'TCC', 'Y': 'TAT', 'Q': 'CAA', 'N': 'AAC', 'H': 'CAC', 'E': 'GAA', 'D': 'GAT', 'K': 'AAG', 'R': 'CGT', 'X': 'TAA'}"
1.7471177517821384,"{'I': 'ATC', 'L': 'CTT', 'V': 'GTC', 'F': 'TTC', 'C': 'TGC', 'A': 'GCA', 'G': 'GGT', 'P': 'CCC', 'T': 'ACT', 'S': 'TCC', 'Y': 'TAT', 'Q': 'CAA', 'N': 'AAC', 'H': 'CAC', 'E': 'GAA', 'D': 'GAT', 'K': 'AAG', 'R': 'CGT', 'X': 'TAA'}"
1.7471177517821384,"{'I': 'ATC', 'L': 'CTT', 'V': 'GTC', 'F': 'TTC', 'C': 'TGC', 'A': 'GCA', 'G': 'GGT', 'P': 'CCC', 'T': 'ACT', 'S': 'TCC', 'Y': 'TAT', 'Q': 'CAA', 'N': 'AAC', 'H': 'CAC', 'E': 'GAA', 'D': 'GAT', 'K': 'AAG', 'R': 'CGT', 'X': 'TAA'}"
1.7471177517821384,"{'I': 'ATC', 'L': 'CTT', 'V': 'GTC', 'F': 'TTC', 'C': 'TGC', 'A': 'GCA', 'G': 'GGT', 'P': 'CCC', 'T': 'ACT', 'S': 'TCC', 'Y': 'TAT', 'Q': 'CAA', 'N': 'AAC', 'H': 'CAC', 'E': 'GAA', 'D': 'GAT', 'K': 'AAG', 'R': 'CGT', 'X': 'TAA'}"
1.7230761189188706,"{'I': 'ATT', 'L': 'TTA', 'V': 'GTC', 'F': 'TTC', 'C': 'TGC', 'A': 'GCA', 'G': 'GGT', 'P': 'CCC', 'T': 'original', 'S': 'TCC', 'Y': 'TAT', 'Q': 'CAA', 'N': 'AAC', 'H': 'CAC', 'E': 'original', 'D': 'original', 'K': 'AAG', 'R': 'CGT', 'X': 'TAG'}"
1.7230761189188706,"{'I': 'ATT', 'L': 'TTA', 'V': 'GTC', 'F': 'TTC', 'C': 'TGC', 'A': 'GCA', 'G': 'GGT', 'P': 'CCC', 'T': 'original', 'S': 'TCC', 'Y': 'TAT', 'Q': 'CAA', 'N': 'AAC', 'H': 'CAC', 'E': 'original', 'D': 'original', 'K': 'AAG', 'R': 'CGT', 'X': 'TAG'}"
1.7230761189188706,"{'I': 'ATT', 'L': 'TTA', 'V': 'GTC', 'F': 'TTC', 'C': 'TGC', 'A': 'GCA', 'G': 'GGT', 'P': 'CCC', 'T': 'original', 'S': 'TCC', 'Y': 'TAT', 'Q': 'CAA', 'N': 'AAC', 'H': 'CAC', 'E': 'original', 'D': 'original', 'K': 'AAG', 'R': 'CGT', 'X': 'TAG'}"
diffs,codons
1.7560482199186382,"{'I': 'ATA', 'L': 'original', 'V': 'GTG', 'F': 'TTT', 'C': 'TGT', 'A': 'GCG', 'G': 'GGG', 'P': 'CCA', 'T': 'ACG', 'S': 'AGC', 'Y': 'original', 'Q': 'CAG', 'N': 'AAT', 'H': 'CAC', 'E': 'GAA', 'D': 'GAC', 'K': 'AAG', 'R': 'AGA', 'X': 'TGA'}"
1.7560482199186382,"{'I': 'ATA', 'L': 'original', 'V': 'GTG', 'F': 'TTT', 'C': 'TGT', 'A': 'GCG', 'G': 'GGG', 'P': 'CCA', 'T': 'ACG', 'S': 'AGC', 'Y': 'original', 'Q': 'CAG', 'N': 'AAT', 'H': 'CAC', 'E': 'GAA', 'D': 'GAC', 'K': 'AAG', 'R': 'AGA', 'X': 'TGA'}"
1.7560482199186382,"{'I': 'ATA', 'L': 'original', 'V': 'GTG', 'F': 'TTT', 'C': 'TGT', 'A': 'GCG', 'G': 'GGG', 'P': 'CCA', 'T': 'ACG', 'S': 'AGC', 'Y': 'original', 'Q': 'CAG', 'N': 'AAT', 'H': 'CAC', 'E': 'GAA', 'D': 'GAC', 'K': 'AAG', 'R': 'AGA', 'X': 'TGA'}"
1.7560482199186382,"{'I': 'ATA', 'L': 'original', 'V': 'GTG', 'F': 'TTT', 'C': 'TGT', 'A': 'GCG', 'G': 'GGG', 'P': 'CCA', 'T': 'ACG', 'S': 'AGC', 'Y': 'original', 'Q': 'CAG', 'N': 'AAT', 'H': 'CAC', 'E': 'GAA', 'D': 'GAC', 'K': 'AAG', 'R': 'AGA', 'X': 'TGA'}"
1.7537846587703367,"{'I': 'ATA', 'L': 'original', 'V': 'GTG', 'F': 'TTT', 'C': 'TGT', 'A': 'GCG', 'G': 'GGA', 'P': 'CCA', 'T': 'ACG', 'S': 'AGC', 'Y': 'TAC', 'Q': 'CAG', 'N': 'AAT', 'H': 'CAC', 'E': 'GAA', 'D': 'GAC', 'K': 'AAG', 'R': 'AGA', 'X': 'TGA'}"
1.7537846587703367,"{'I': 'ATA', 'L': 'original', 'V': 'GTG', 'F': 'TTT', 'C': 'TGT', 'A': 'GCG', 'G': 'GGA', 'P': 'CCA', 'T': 'ACG', 'S': 'AGC', 'Y': 'TAC', 'Q': 'CAG', 'N': 'AAT', 'H': 'CAC', 'E': 'GAA', 'D': 'GAC', 'K': 'AAG', 'R': 'AGA', 'X': 'TGA'}"
1.7537846587703367,"{'I': 'ATA', 'L': 'original', 'V': 'GTG', 'F': 'TTT', 'C': 'TGT', 'A': 'GCG', 'G': 'GGA', 'P': 'CCA', 'T': 'ACG', 'S': 'AGC', 'Y': 'TAC', 'Q': 'CAG', 'N': 'AAT', 'H': 'CAC', 'E': 'GAA', 'D': 'GAC', 'K': 'AAG', 'R': 'AGA', 'X': 'TGA'}"
1.7537846587703367,"{'I': 'ATA', 'L': 'original', 'V': 'GTG', 'F': 'TTT', 'C': 'TGT', 'A': 'GCG', 'G': 'GGA', 'P': 'CCA', 'T': 'ACG', 'S': 'AGC', 'Y': 'TAC', 'Q': 'CAG', 'N': 'AAT', 'H': 'CAC', 'E': 'GAA', 'D': 'GAC', 'K': 'AAG', 'R': 'AGA', 'X': 'TGA'}"
1.7537846587703367,"{'I': 'ATA', 'L': 'original', 'V': 'GTG', 'F': 'TTT', 'C': 'TGT', 'A': 'GCG', 'G': 'GGA', 'P': 'CCA', 'T': 'ACG', 'S': 'AGC', 'Y': 'TAC', 'Q': 'CAG', 'N': 'AAT', 'H': 'CAC', 'E': 'GAA', 'D': 'GAC', 'K': 'AAG', 'R': 'AGA', 'X': 'TGA'}"
1.5069261916648111,"{'I': 'ATC', 'L': 'CTC', 'V': 'GTG', 'F': 'TTC', 'C': 'TGT', 'A': 'GCC', 'G': 'GGG', 'P': 'CCT', 'T': 'ACG', 'S': 'original', 'Y': 'original', 'Q': 'CAG', 'N': 'AAT', 'H': 'CAC', 'E': 'GAA', 'D': 'GAC', 'K': 'AAG', 'R': 'AGA', 'X': 'TAA'}"
